"month_offset","month","multiplier_to_effective"
0,"2025-01",1.07747
1,"2025-01",1.07276
2,"2025-03",1.06808
3,"2025-04",1.06341
4,"2025-05",1.05877
5,"2025-06",1.05427
6,"2025-07",1.04999
7,"2025-08",1.04573
8,"2025-09",1.04149
9,"2025-10",1.03726
10,"2025-11",1.03305
11,"2025-12",1.02886
12,"2026-01",1.02469
13,"2026-01",1.02053
14,"2026-03",1.01639
15,"2026-04",1.01227
16,"2026-05",1.00816
17,"2026-06",1.00407
18,"2026-07",1
